{
  "name": "iron-overlay-behavior",
  "version": "1.0.3",
  "license": "http://polymer.github.io/LICENSE.txt",
  "description": "Provides a behavior for making an element an overlay",
  "private": true,
  "main": [
    "iron-overlay-behavior.html"
  ],
  "keywords": [
    "web-components",
    "polymer",
    "behavior",
    "overlay"
  ],
  "authors": [
    "The Polymer Authors"
  ],
  "repository": {
    "type": "git",
    "url": "git://github.com/PolymerElements/iron-overlay-behavior.git"
  },
  "dependencies": {
    "polymer": "Polymer/polymer#^1.0.0",
    "iron-fit-behavior": "PolymerElements/iron-fit-behavior#^1.0.0",
    "iron-resizable-behavior": "PolymerElements/iron-resizable-behavior#^1.0.0"
  },
  "devDependencies": {
    "paper-styles": "polymerelements/paper-styles#^1.0.2",
    "iron-component-page": "PolymerElements/iron-component-page#^1.0.0",
    "iron-flex-layout": "PolymerElements/iron-flex-layout#^1.0.0",
    "iron-test-helpers": "PolymerElements/iron-test-helpers#^1.0.0",
    "test-fixture": "PolymerElements/test-fixture#^1.0.0",
    "web-component-tester": "*",
    "webcomponentsjs": "webcomponents/webcomponentsjs#^0.7.0"
  },
  "homepage": "https://github.com/PolymerElements/iron-overlay-behavior",
  "_release": "1.0.3",
  "_resolution": {
    "type": "version",
    "tag": "v1.0.3",
    "commit": "c2364e43fbd7ede7f52be333965e55f6ac8fce89"
  },
  "_source": "git://github.com/PolymerElements/iron-overlay-behavior.git",
  "_target": "^1.0.0",
  "_originalSource": "PolymerElements/iron-overlay-behavior"
}