{
  "name": "paper-dialog-scrollable",
  "version": "1.0.1",
  "description": "A scrollable area used inside the material design dialog",
  "authors": [
    "The Polymer Authors"
  ],
  "keywords": [
    "web-components",
    "polymer",
    "dialog",
    "overlay"
  ],
  "main": [
    "paper-dialog-scrollable.html"
  ],
  "private": true,
  "repository": {
    "type": "git",
    "url": "git://github.com/PolymerElements/paper-dialog-scrollable"
  },
  "license": "http://polymer.github.io/LICENSE.txt",
  "homepage": "https://github.com/PolymerElements/paper-dialog-scrollable",
  "ignore": [],
  "dependencies": {
    "polymer": "Polymer/polymer#^1.0.0"
  },
  "devDependencies": {
    "iron-component-page": "PolymerElements/iron-component-page#^1.0.0",
    "iron-flex-layout": "PolymerElements/iron-flex-layout#^1.0.0",
    "paper-styles": "PolymerElements/paper-styles#^1.0.0",
    "test-fixture": "PolymerElements/test-fixture#^1.0.0",
    "web-component-tester": "*",
    "webcomponentsjs": "webcomponents/webcomponentsjs#^0.7.0"
  },
  "_release": "1.0.1",
  "_resolution": {
    "type": "version",
    "tag": "v1.0.1",
    "commit": "94e65968791d9166d2d3bf186e449d042b10168f"
  },
  "_source": "git://github.com/PolymerElements/paper-dialog-scrollable.git",
  "_target": "^1.0.0",
  "_originalSource": "PolymerElements/paper-dialog-scrollable"
}