{
  "name": "paper-fab",
  "version": "1.0.2",
  "description": "A material design floating action button",
  "authors": [
    "The Polymer Authors"
  ],
  "keywords": [
    "web-components",
    "polymer",
    "button"
  ],
  "main": "paper-fab.html",
  "ignore": [],
  "private": true,
  "repository": {
    "type": "git",
    "url": "git://github.com/PolymerElements/paper-fab"
  },
  "license": "http://polymer.github.io/LICENSE.txt",
  "homepage": "https://github.com/PolymerElements/paper-fab",
  "dependencies": {
    "paper-ripple": "polymerelements/paper-ripple#^1.0.0",
    "paper-material": "polymerelements/paper-material#^1.0.0",
    "paper-behaviors": "polymerelements/paper-behaviors#^1.0.0",
    "iron-flex-layout": "polymerelements/iron-flex-layout#^1.0.0",
    "iron-icon": "polymerelements/iron-icon#^1.0.0",
    "iron-icons": "polymerelements/iron-icons#^1.0.0",
    "paper-styles": "polymerelements/paper-styles#^1.0.0",
    "polymer": "Polymer/polymer#^1.0.0"
  },
  "devDependencies": {
    "iron-component-page": "PolymerElements/iron-component-page#^1.0.0",
    "test-fixture": "polymerelements/test-fixture#^1.0.0",
    "paper-styles": "polymerelements/paper-styles#^1.0.0",
    "web-component-tester": "*",
    "webcomponentsjs": "webcomponents/webcomponentsjs#^0.7.0"
  },
  "_release": "1.0.2",
  "_resolution": {
    "type": "version",
    "tag": "v1.0.2",
    "commit": "59d2f77f456271f1ae4059b92d83ba7655fb1580"
  },
  "_source": "git://github.com/PolymerElements/paper-fab.git",
  "_target": "^1.0.0",
  "_originalSource": "PolymerElements/paper-fab"
}