{
  "name": "iron-autogrow-textarea",
  "version": "1.0.2",
  "description": "A textarea element that automatically grows with input",
  "authors": [
    "The Polymer Authors"
  ],
  "keywords": [
    "web-components",
    "polymer",
    "input",
    "textarea"
  ],
  "main": [
    "iron-autogrow-textarea.html"
  ],
  "private": true,
  "repository": {
    "type": "git",
    "url": "git://github.com/PolymerElements/iron-autogrow-textarea.git"
  },
  "license": "http://polymer.github.io/LICENSE.txt",
  "homepage": "https://github.com/PolymerElements/iron-autogrow-textarea",
  "ignore": [],
  "dependencies": {
    "iron-behaviors": "PolymerElements/iron-behaviors#^1.0.0",
    "iron-flex-layout": "PolymerElements/iron-flex-layout#^1.0.0",
    "iron-validatable-behavior": "PolymerElements/iron-validatable-behavior#^1.0.0",
    "polymer": "Polymer/polymer#^1.0.0"
  },
  "devDependencies": {
    "iron-component-page": "PolymerElements/iron-component-page#^1.0.0",
    "iron-test-helpers": "PolymerElements/iron-test-helpers#^1.0.0",
    "test-fixture": "PolymerElements/test-fixture#^1.0.0",
    "web-component-tester": "*",
    "paper-styles": "PolymerElements/paper-styles#^1.0.0",
    "webcomponentsjs": "webcomponents/webcomponentsjs#^0.7.0"
  },
  "_release": "1.0.2",
  "_resolution": {
    "type": "version",
    "tag": "v1.0.2",
    "commit": "1697690de3010aa7b4d3557e7f3fa582e82dee6a"
  },
  "_source": "git://github.com/PolymerElements/iron-autogrow-textarea.git",
  "_target": "^1.0.0",
  "_originalSource": "PolymerElements/iron-autogrow-textarea"
}