{
  "name": "paper-button",
  "version": "1.0.1",
  "description": "Material design button",
  "authors": [
    "The Polymer Authors"
  ],
  "keywords": [
    "web-components",
    "web-component",
    "polymer",
    "paper",
    "button"
  ],
  "main": "paper-button.html",
  "private": true,
  "repository": {
    "type": "git",
    "url": "git://github.com/PolymerElements/paper-button"
  },
  "license": "http://polymer.github.io/LICENSE.txt",
  "homepage": "https://github.com/PolymerElements/paper-button",
  "dependencies": {
    "paper-ripple": "polymerelements/paper-ripple#^1.0.0",
    "paper-material": "polymerelements/paper-material#^1.0.0",
    "paper-behaviors": "polymerelements/paper-behaviors#^1.0.0",
    "polymer": "Polymer/polymer#^1.0.0"
  },
  "devDependencies": {
    "iron-component-page": "polymerelements/iron-component-page#^1.0.0",
    "test-fixture": "polymerelements/test-fixture#^1.0.0",
    "iron-icon": "polymerelements/iron-icon#^1.0.0",
    "iron-icons": "polymerelements/iron-icons#^1.0.0",
    "iron-test-helpers": "polymerelements/iron-test-helpers#^1.0.0",
    "paper-styles": "polymerelements/paper-styles#^1.0.0",
    "web-component-tester": "*",
    "webcomponentsjs": "webcomponents/webcomponentsjs#^0.7.0"
  },
  "_release": "1.0.1",
  "_resolution": {
    "type": "version",
    "tag": "v1.0.1",
    "commit": "e11a0603feaaedd8cf6c7e0d533bdc67de24c8de"
  },
  "_source": "git://github.com/PolymerElements/paper-button.git",
  "_target": "^1.0.0",
  "_originalSource": "PolymerElements/paper-button"
}