{
  "name": "paper-checkbox",
  "version": "1.0.3",
  "description": "A material design checkbox",
  "authors": [
    "The Polymer Authors"
  ],
  "keywords": [
    "web-components",
    "polymer",
    "paper",
    "checkbox",
    "control"
  ],
  "private": true,
  "repository": {
    "type": "git",
    "url": "git://github.com/PolymerElements/paper-checkbox"
  },
  "license": "http://polymer.github.io/LICENSE.txt",
  "homepage": "https://github.com/PolymerElements/paper-checkbox",
  "ignore": [],
  "devDependencies": {
    "web-component-tester": "*",
    "iron-component-page": "PolymerElements/iron-component-page#^1.0.0",
    "test-fixture": "PolymerElements/test-fixture#^1.0.0",
    "iron-test-helpers": "PolymerElements/iron-test-helpers#^1.0.0",
    "iron-flex-layout": "PolymerElements/iron-flex-layout#^1.0.0",
    "webcomponentsjs": "webcomponents/webcomponentsjs#^0.7.0"
  },
  "dependencies": {
    "paper-ripple": "PolymerElements/paper-ripple#^1.0.0",
    "paper-styles": "PolymerElements/paper-styles#^1.0.0",
    "paper-behaviors": "PolymerElements/paper-behaviors#^1.0.0",
    "polymer": "Polymer/polymer#^1.0.0"
  },
  "_release": "1.0.3",
  "_resolution": {
    "type": "version",
    "tag": "v1.0.3",
    "commit": "b32696b963cdcb00223f2a2433ef439363c9a150"
  },
  "_source": "git://github.com/PolymerElements/paper-checkbox.git",
  "_target": "^1.0.0",
  "_originalSource": "PolymerElements/paper-checkbox"
}