{
  "name": "iron-form-element-behavior",
  "version": "1.0.1",
  "license": "http://polymer.github.io/LICENSE.txt",
  "private": true,
  "main": "iron-form-element-behavior",
  "authors": "The Polymer Authors",
  "description": "Enables a custom element to be included in an iron-form",
  "keywords": [
    "web-components",
    "polymer",
    "form"
  ],
  "repository": {
    "type": "git",
    "url": "git://github.com/PolymerElements/iron-form-element-behavior.git"
  },
  "dependencies": {
    "polymer": "Polymer/polymer#^1.0.0"
  },
  "devDependencies": {
    "iron-component-page": "PolymerElements/iron-component-page#^1.0.0",
    "test-fixture": "PolymerElements/test-fixture#^1.0.0",
    "web-component-tester": "*",
    "webcomponentsjs": "webcomponents/webcomponentsjs#^0.7.0"
  },
  "homepage": "https://github.com/PolymerElements/iron-form-element-behavior",
  "_release": "1.0.1",
  "_resolution": {
    "type": "version",
    "tag": "v1.0.1",
    "commit": "f386143e866c320025589f3d79798c12103377a4"
  },
  "_source": "git://github.com/PolymerElements/iron-form-element-behavior.git",
  "_target": "^1.0.0",
  "_originalSource": "PolymerElements/iron-form-element-behavior"
}